<?xml version="1.0" encoding="utf-8"?>

<!--********** Copyright 2018 Roku Corp.  All Rights Reserved. **********-->

<!-- This component will create a Button node example -->
<component name="ButtonExample" extends="Group" initialFocus="category_list">

  <script type="text/brightscript" uri="pkg:/components/button/ButtonExample.brs" />

  <children >
    <!--
        A button node. This button has predefined text and will have
        feedback when the button is focused. This button will have
        focus on launching this channel due to the initialFocus field
        being set to this button id.
    -->

    <LayoutGroup id="fullysaturatedcolors" translation="[ 0, 0 ]" itemSpacings="[0]" layoutDirection="vert">

      <RadioButtonList id="category_list" translation="[0, 0]" itemSize="[400,48]">
        <ContentNode id="categories" role="content">
          <ContentNode title="DRAMA" />
          <ContentNode title="COMEDY" />
          <ContentNode title="HORROR" />
        </ContentNode>
      </RadioButtonList>

      <Rectangle opacity="0.8" width="400" height="250" color="0x000000">

 
  
        <Button id="exampleButton1" text="Example Button" showFocusFootprint="true" minWidth="240" />

        <!--
        Another button node. This button has predefined text and will
        have feedback when the button is focused.
    -->
        <Button id="exampleButton2"
                text="Another Button!"
                showFocusFootprint="true"
                minWidth="240"
                translation="[ 0, 80 ]" />




       

      </Rectangle> 
    </LayoutGroup>

  </children>

</component>
