<component name="pubnubTask" extends="Task">
      <script type="text/brightscript" uri="pkg:/components/pubnubtask.brs" />
   <script type="text/brightscript" uri="pkg:/source/PubNub.brs" />


   <script type="text/brightscript" uri="pkg:/source/components/cipher.brs" />
   <script type="text/brightscript" uri="pkg:/source/components/pnarray.brs" />
   <script type="text/brightscript" uri="pkg:/source/components/pndate.brs" />
   <script type="text/brightscript" uri="pkg:/source/components/pnchannel.brs" />
   <script type="text/brightscript" uri="pkg:/source/components/pnnumber.brs" />
   <script type="text/brightscript" uri="pkg:/source/components/pnrequest.brs" />
   <script type="text/brightscript" uri="pkg:/source/components/pnstring.brs" />
   <script type="text/brightscript" uri="pkg:/source/components/pntimer.brs" />
   <script type="text/brightscript" uri="pkg:/source/components/pnobject.brs" />

   <script type="text/brightscript" uri="pkg:/source/components/managers/pnheartbeat.brs" />
   <script type="text/brightscript" uri="pkg:/source/components/managers/pnpublishsequence.brs" />
   <script type="text/brightscript" uri="pkg:/source/components/managers/pnstatemanager.brs" />
   <script type="text/brightscript" uri="pkg:/source/components/managers/pnpublishsequence.brs" />
   <script type="text/brightscript" uri="pkg:/source/components/managers/pnsubscribemanager.brs" />

   <script type="text/brightscript" uri="pkg:/source/components/network/parsers/pnchannelgroupmodificationparser.brs" />
   <script type="text/brightscript" uri="pkg:/source/components/network/parsers/pnmessagepublishparser.brs" />
   <script type="text/brightscript" uri="pkg:/source/components/network/parsers/pnchannelgroupauditionparser.brs" />

   <!-- NETOWRK -->
   <script type="text/brightscript" uri="pkg:/source/components/network/pnnetwork.brs" />
   <script type="text/brightscript" uri="pkg:/source/components/network/pnurlbuilder.brs" />

   <script type="text/brightscript" uri="pkg:/source/components/network/parsers/parser.brs" />
   <script type="text/brightscript" uri="pkg:/source/components/network/parsers/pnchannelgroupauditionparser.brs" />
   <script type="text/brightscript" uri="pkg:/source/components/network/parsers/pnchannelgroupmodificationparser.brs" />
   <script type="text/brightscript" uri="pkg:/source/components/network/parsers/pnclientstateparser.brs" />
   <script type="text/brightscript" uri="pkg:/source/components/network/parsers/pnerrorparser.brs" />
   <script type="text/brightscript" uri="pkg:/source/components/network/parsers/pnheartbeatparser.brs" />
   <script type="text/brightscript" uri="pkg:/source/components/network/parsers/pnhistoryparser.brs" />
   <script type="text/brightscript" uri="pkg:/source/components/network/parsers/pnleaveparser.brs" />
   <script type="text/brightscript" uri="pkg:/source/components/network/parsers/pnmessagepublishparser.brs" />
   <script type="text/brightscript" uri="pkg:/source/components/network/parsers/presenceherenowparser.brs" />
   <script type="text/brightscript" uri="pkg:/source/components/network/parsers/presencewherenowparser.brs" />
   <script type="text/brightscript" uri="pkg:/source/components/network/parsers/subscribeparser.brs" />
   <script type="text/brightscript" uri="pkg:/source/components/network/parsers/timeparser.brs" />



   <script type="text/brightscript" uri="pkg:/source/components/network/service-objects/pnacknowledgmentstatus.brs" />
   <script type="text/brightscript" uri="pkg:/source/components/network/service-objects/pnchannelclientstateresult.brs" />
   <script type="text/brightscript" uri="pkg:/source/components/network/service-objects/pnchannelgroupchannelsresult.brs" />
   <script type="text/brightscript" uri="pkg:/source/components/network/service-objects/pnchannelgroupclientstateresult.brs" />
   <script type="text/brightscript" uri="pkg:/source/components/network/service-objects/pnclientstateupdatestatus.brs" />
   <script type="text/brightscript" uri="pkg:/source/components/network/service-objects/pnerrorstatus.brs" />
   <script type="text/brightscript" uri="pkg:/source/components/network/service-objects/pnhistoryresult.brs" />
   <script type="text/brightscript" uri="pkg:/source/components/network/service-objects/pnmessageresult.brs" />
   <script type="text/brightscript" uri="pkg:/source/components/network/service-objects/pnpresencechannelgroupherenowresult.brs" />
   <script type="text/brightscript" uri="pkg:/source/components/network/service-objects/pnpresencechannelherenowresult.brs" />
   <script type="text/brightscript" uri="pkg:/source/components/network/service-objects/pnpresenceeventresult.brs" />
   <script type="text/brightscript" uri="pkg:/source/components/network/service-objects/pnpresenceglobalherenowresult.brs" />
   <script type="text/brightscript" uri="pkg:/source/components/network/service-objects/pnpresencewherenowresult.brs" />
   <script type="text/brightscript" uri="pkg:/source/components/network/service-objects/pnpublishstatus.brs" />
   <script type="text/brightscript" uri="pkg:/source/components/network/service-objects/pnresult.brs" />
   <script type="text/brightscript" uri="pkg:/source/components/network/service-objects/pnresultobject.brs" />
   <script type="text/brightscript" uri="pkg:/source/components/network/service-objects/pnstatus.brs" />
   <script type="text/brightscript" uri="pkg:/source/components/network/service-objects/pnstatusobject.brs" />
   <script type="text/brightscript" uri="pkg:/source/components/network/service-objects/pnsubscribestatus.brs" />
   <script type="text/brightscript" uri="pkg:/source/components/network/service-objects/pntimeresult.brs" />



   <script type="text/brightscript" uri="pkg:/source/components/managers/pnpublishsequence.brs" />
   <script type="text/brightscript" uri="pkg:/source/components/managers/pnpublishsequence.brs" />
   <script type="text/brightscript" uri="pkg:/source/components/managers/pnstatelistener.brs" />
   <script type="text/brightscript" uri="pkg:/source/components/managers/pnstatemanager.brs" />



<!-- Constants -->
   <script type="text/brightscript" uri="pkg:/source/constants/categories.brs" />
   <script type="text/brightscript" uri="pkg:/source/constants/operations.brs" />


<!-- Endpoints Presence -->
   <script type="text/brightscript" uri="pkg:/source/endpoints/presence/get_state.brs" />
   <script type="text/brightscript" uri="pkg:/source/endpoints/presence/set_state.brs" />
   <script type="text/brightscript" uri="pkg:/source/endpoints/presence/where_now.brs" />
   <script type="text/brightscript" uri="pkg:/source/endpoints/presence/here_now.brs" />
<!-- Endpoints Groups -->
      <script type="text/brightscript" uri="pkg:/source/endpoints/channel_groups/add_channels.brs" />
   <script type="text/brightscript" uri="pkg:/source/endpoints/channel_groups/list_channels.brs" />
   <script type="text/brightscript" uri="pkg:/source/endpoints/channel_groups/delete_group.brs" />
   <script type="text/brightscript" uri="pkg:/source/endpoints/channel_groups/remove_channels.brs" />

   <script type="text/brightscript" uri="pkg:/source/endpoints/history.brs" />
   <script type="text/brightscript" uri="pkg:/source/endpoints/publish.brs" />
   <script type="text/brightscript" uri="pkg:/source/endpoints/subscribe.brs" />
   <script type="text/brightscript" uri="pkg:/source/endpoints/time.brs" />


      <interface>
            <field id="id" type="integer" />
            <field id="config" onChange="onConfigAdded" type="assocArray" />
            <field id="debug" type="boolean" value="false" />
            <field id="pubnubData" type="assocArray" />
            <function name="subscribeToChannels" />
            <function name="pbunsubscribe"/>
      </interface>

</component>