<?xml version="1.0" encoding="utf-8" ?> 
<!--********** Copyright 2016 Roku Corp.  All Rights Reserved. **********-->

<component name="SimpleTaskScene" extends="Group" >

<script type="text/brightscript">
<![CDATA[

sub init()
	

  prot= CreateObject("roMessagePort")
	m.indexLabel = m.top.findNode("indexLabel")
	m.simpleTask = CreateObject("roSGNode", "mytask")
	m.simpleTask.ObserveField("index", "onIndexChanged")
    m.simpleTask.callFunc("hello", {viktor:"maneb"})
	
	node = m.top.findnode("qrLibrary")

	node.observeField("loadStatus", "onLoadStatus")


	
end sub

sub onLoadStatus(ev)
    status = ev.getData()
    if status = "ready" then

        ?"Test was successfully downloaded and all its components are now accessible"

	

    else if status = "loading" then

        ?Qr code  package is currently being downloaded

    else if status = "failed" then

        ?"Something went wrong with the download/load process"
    end if
end sub

function onIndexChanged() as void
    str = "Iteration " + stri(m.simpleTask.index)
    m.indexLabel.text = str
end function

]]>
</script>

<children>

<Label
	id="indexLabel"
	text="Iteration 0"
	translation="[550,550]" />

 <ComponentLibrary id="qrLibrary" uri="https://github.com/ManevViktor/HelloRokuScrenes/blob/master/dist/apps/hello-world.zip" />


	 <MaskGroup width="100" height="100" id="roundedMask" maskUri="pkg:/images/rounded_mask.png">
        <Poster id="roundedImage" uri="pkg:/images/example_image.jpg" />
    </MaskGroup>

</children>

</component>
