<?xml version="1.0" encoding="utf-8"?>
<component name="MainScene" extends="Scene">
  <script type="text/brightscript" uri="MainScene.brs" />

  <children>
    <LayoutGroup layoutDirection="vert" translation="[960, 540]" horizAlignment="center" vertAlignment="top">
      <Label id="game1Name" text="Game 1 Name" />
      <Label id="game1Score" text="Game 1 Score" />

      <Label id="game2Name" text="Game 2 Name" />
      <Label id="game2Score" text="Game 2 Score" />

    
    </LayoutGroup>
  </children>
</component>
